﻿[{"id":"Ate","value":"Ate"},
{"id":"Barranco","value":"Barranco"},
{"id":"Breña","value":"Breña"},
{"id":"Cercado de Lima","value":"Cercado de Lima"},
{"id":"Chorrillos","value":"Chorrillos"},
{"id":"Comas","value":"Comas"},
{"id":"El Agustino","value":"El Agustino"},
{"id":"Independencia","value":"Independencia"},
{"id":"Jesús María","value":"Jesús María"},
{"id":"La Molina","value":"La Molina"},
{"id":"La Victoria","value":"La Victoria"},
{"id":"Lince","value":"Lince"},
{"id":"Los Olivos","value":"Los Olivos"},
{"id":"Magdalena del Mar","value":"Magdalena del Mar"},
{"id":"Miraflores","value":"Miraflores"},
{"id":"Pueblo Libre","value":"Pueblo Libre"},
{"id":"Puente Piedra","value":"Puente Piedra"},
{"id":"Rimac","value":"Rimac"},
{"id":"San Borja","value":"San Borja"},
{"id":"San Isidro","value":"San Isidro"},
{"id":"San Juan de Lurigancho","value":"San Juan de Lurigancho"},
{"id":"San Juan de Miraflores","value":"San Juan de Miraflores"},
{"id":"San Luis","value":"San Luis"},
{"id":"San Martin de Porres","value":"San Martin de Porres"},
{"id":"San Miguel","value":"San Miguel"},
{"id":"Santa Anita","value":"Santa Anita"},
{"id":"Santa Rosa","value":"Santa Rosa"},
{"id":"Santiago de Surco","value":"Santiago de Surco"},
{"id":"Surquillo","value":"Surquillo"},
{"id":"Villa El Savador","value":"Villa El Savador"},
{"id":"Villa María del Triunfo","value":"Villa María del Triunfo"}]